modifier,AERI,AERI_CI_lower,AERI_CI_upper,RERI,RERI_CI_lower,RERI_CI_upper,modified_AP,AP_CI_lower,AP_CI_upper,OR_TxB,OR_CI_lower,OR_CI_upper,p_interaction,Interaction_Direction
used_discount,-0.02,-0.033,-0.008,-0.221,-0.388,-0.089,-0.256,-0.409,-0.084,0.818,0.736,0.908,0,"Additive Negative, Multiplicative Negative"
used_bogo,0.039,0.027,0.051,0.477,0.362,0.586,0.472,0.344,0.613,1.275,1.148,1.416,0,"Additive Positive, Multiplicative Positive"
is_referral,0.008,-0.004,0.02,0.001,-0.105,0.097,0.017,-1.777,3.283,1.261,1.135,1.402,0,"Additive Positive, Multiplicative Positive"
channel_Phone,-0.001,-0.013,0.01,-0.055,-0.173,0.041,-0.207,-0.646,0.213,1.097,0.986,1.22,0.09,"Additive Negative, Multiplicative Positive"
channel_Web,0,-0.013,0.012,0.038,-0.113,0.172,0.038,-0.103,0.179,0.929,0.837,1.03,0.162,"Additive Positive, Multiplicative Negative"
zip_code_Urban,0.003,-0.008,0.015,0.01,-0.11,0.129,0.021,-0.245,0.265,1.072,0.964,1.193,0.199,"Additive Positive, Multiplicative Positive"
zip_code_Surburban,0.002,-0.011,0.014,-0.005,-0.126,0.111,-0.01,-0.266,0.229,1.056,0.951,1.172,0.31,"Additive Negative, Multiplicative Positive"
history_group_Low_spenders,0,-0.013,0.014,-0.014,-0.162,0.119,-0.027,-0.303,0.215,1.033,0.914,1.166,0.607,"Additive Negative, Multiplicative Positive"
history_group_Lowermid_spenders,-0.007,-0.019,0.005,-0.115,-0.24,0.013,-0.504,-1.211,0.031,1.06,0.933,1.204,0.373,"Additive Negative, Multiplicative Positive"
history_group_Uppermid_spenders,-0.007,-0.022,0.006,-0.067,-0.217,0.076,-0.088,-0.295,0.122,0.917,0.816,1.031,0.149,"Additive Negative, Multiplicative Negative"
recency_group_Low_engagement,-0.003,-0.015,0.009,-0.08,-0.192,0.024,-0.512,-1.508,0.156,1.126,1.01,1.256,0.033,"Additive Negative, Multiplicative Positive"
recency_group_Moderate_engagement,-0.003,-0.016,0.009,-0.029,-0.179,0.103,-0.04,-0.235,0.148,0.955,0.856,1.067,0.417,"Additive Negative, Multiplicative Negative"
